,time,drug,wm,output,correct,trial
0,0.0,GFC,0.0001843108016706175,-0.503795043416934,0,3
1,0.01,GFC,0.01260675353536903,-0.38960240138111146,0,3
2,0.02,GFC,0.0008419419317660165,0.6803916926935556,1,3
3,0.03,GFC,0.003060881875585003,-0.13787046866337016,0,3
4,0.04,GFC,0.0037268727943214957,-0.6285714731493344,0,3
5,0.05,GFC,0.0066046024724371695,0.15131681334327873,1,3
6,0.06,GFC,0.0030545754472553963,0.12059420957719703,1,3
7,0.07,GFC,0.005369538079371643,0.6881827662133937,1,3
8,0.08,GFC,0.005186482351756109,-0.2862245265328515,0,3
9,0.09,GFC,0.009778651817242,-0.17341914245184703,0,3
10,0.1,GFC,0.008062846953574728,-0.0593248355634018,0,3
11,0.11,GFC,0.004066437688610502,-0.5710731701555769,0,3
12,0.12,GFC,0.010003777360436844,0.10040198629112518,1,3
13,0.13,GFC,0.009471176978197484,-0.29787508318577727,0,3
14,0.14,GFC,0.0023842924993630415,0.015661251845614815,1,3
15,0.15,GFC,0.0017524811163984067,0.5852563910665318,1,3
16,0.16,GFC,0.011258015348162809,-0.7418888989780288,0,3
17,0.17,GFC,0.0027325632955702878,-0.28749404241789955,0,3
18,0.18,GFC,0.017970794696066113,-0.1944076112167013,0,3
19,0.19,GFC,0.006355721607288676,0.5700795040162187,1,3
20,0.2,GFC,0.00620062833036762,0.11729701273572077,1,3
21,0.21,GFC,0.008156124460002127,-1.0765414090127856,0,3
22,0.22,GFC,0.0008756663394954628,-0.6518921769185378,0,3
23,0.23,GFC,0.001597006688769713,-0.4005881678472074,0,3
24,0.24,GFC,0.009077113881958783,-0.5869075701208442,0,3
25,0.25,GFC,0.015529685932342576,0.3742598830214994,1,3
26,0.26,GFC,0.004285920775458234,0.2875715163880731,1,3
27,0.27,GFC,0.005776702314612114,0.3057569220633852,1,3
28,0.28,GFC,0.006610474506847583,-0.44966480175293244,0,3
29,0.29,GFC,0.013600725372737729,-0.017194450649094,0,3
30,0.3,GFC,0.010206613977535773,-0.3947445176482781,0,3
31,0.31,GFC,0.012871234201286327,-0.1862318282468105,0,3
32,0.32,GFC,0.007360229523392775,0.6434464292297161,1,3
33,0.33,GFC,0.01845285770742964,0.25028850630821825,1,3
34,0.34,GFC,0.013239245155633121,-0.9421249102182457,0,3
35,0.35000000000000003,GFC,0.012202959545746475,-1.0416238877321284,0,3
36,0.36,GFC,0.010066675866627206,-1.164806231376477,0,3
37,0.37,GFC,0.013506721896753462,0.35341556716949635,1,3
38,0.38,GFC,0.015790323735497453,0.2990178701729108,1,3
39,0.39,GFC,0.01143950210921413,0.6307951405538268,1,3
40,0.4,GFC,0.006646319194887664,0.49000063732821697,1,3
41,0.41000000000000003,GFC,0.011151759954323402,0.20210841616127193,1,3
42,0.42,GFC,0.003464900677150169,-0.13493911446090018,0,3
43,0.43,GFC,0.0016224422555352943,-0.5890223433949984,0,3
44,0.44,GFC,0.003311540102332769,-0.4087943174945583,0,3
45,0.45,GFC,0.02186233544471817,-0.20300474253791984,0,3
46,0.46,GFC,0.012262014480931959,-0.9579479507684053,0,3
47,0.47000000000000003,GFC,0.0071749026046335,-0.4250101061273217,0,3
48,0.48,GFC,0.00914669953650139,-0.40581689325611886,0,3
49,0.49,GFC,0.01339414853643314,0.770183781269672,1,3
50,0.5,GFC,0.0086227867928416,-0.38234787907455253,0,3
51,0.51,GFC,0.014108793500834447,-0.2557552840494778,0,3
52,0.52,GFC,0.00812664724007535,-0.4268820328880506,0,3
53,0.53,GFC,0.00018079236279056402,-0.2925685239330182,0,3
54,0.54,GFC,0.014834787643605952,0.2904914010981739,1,3
55,0.55,GFC,0.009150495909520329,-0.8843854544452111,0,3
56,0.56,GFC,0.009138456863995783,0.44995535098643585,1,3
57,0.5700000000000001,GFC,0.013803926452987078,-0.06322811171226955,0,3
58,0.58,GFC,0.018646229596687602,-0.1902848370225996,0,3
59,0.59,GFC,0.016378576787667368,0.08260451039416819,1,3
60,0.6,GFC,0.016552661171407357,-0.5000930198307836,0,3
61,0.61,GFC,0.017338327108082557,-1.0094294998886704,0,3
62,0.62,GFC,0.01721495368675486,0.7355840417966741,1,3
63,0.63,GFC,0.014801264198219501,0.19046578587771754,1,3
64,0.64,GFC,0.013895500414778375,0.1699537923627105,1,3
65,0.65,GFC,0.017761640072852136,-0.09257738034015663,0,3
66,0.66,GFC,0.013441417400885131,-0.7561132827478072,0,3
67,0.67,GFC,0.009807028315863848,-0.8420925174160265,0,3
68,0.68,GFC,0.006488529626919582,0.5740624042677116,1,3
69,0.6900000000000001,GFC,0.011549117017390387,-0.8859191158404807,0,3
70,0.7000000000000001,GFC,0.017929707516812766,0.4790051024794178,1,3
71,0.71,GFC,0.019317761942810947,-0.35098221329709883,0,3
72,0.72,GFC,0.011266158295515902,0.13958949423900963,1,3
73,0.73,GFC,0.01285483655331544,0.3752106541023505,1,3
74,0.74,GFC,0.019920758687051315,-0.026833568683602038,0,3
75,0.75,GFC,0.02463279654509768,-0.5509934828350176,0,3
76,0.76,GFC,0.018850578577230888,0.07312984206495701,1,3
77,0.77,GFC,0.016958066095729432,0.18187073117666178,1,3
78,0.78,GFC,0.014327507996571742,0.2087022528579075,1,3
79,0.79,GFC,0.029724382005087216,0.156364304275332,1,3
80,0.8,GFC,0.013084699798151472,-0.3963699808056488,0,3
81,0.81,GFC,0.01504998029462434,0.16300602025219366,1,3
82,0.8200000000000001,GFC,0.022748531267223326,0.6792041681357555,1,3
83,0.8300000000000001,GFC,0.020351194122471758,0.16957607041927583,1,3
84,0.84,GFC,0.015709290984263748,0.586911281870373,1,3
85,0.85,GFC,0.01659576874442943,-0.8010380127147676,0,3
86,0.86,GFC,0.025813408984934276,-0.7232406556937667,0,3
87,0.87,GFC,0.03036915208910808,0.33831858688997674,1,3
88,0.88,GFC,0.027589820998057138,-1.048897867682082,0,3
89,0.89,GFC,0.027229781802552793,-0.1892226996640786,0,3
90,0.9,GFC,0.019260913973265313,-0.45515779887722846,0,3
91,0.91,GFC,0.017410918719236494,0.09027230820447009,1,3
92,0.92,GFC,0.013578623760680976,-0.7926607192369661,0,3
93,0.93,GFC,0.02903642016918582,-0.3789245445283242,0,3
94,0.9400000000000001,GFC,0.01749764938362878,-0.2350839732979415,0,3
95,0.9500000000000001,GFC,0.02285978584443369,0.482576413533767,1,3
96,0.96,GFC,0.017617640421797483,0.4815468130500872,1,3
97,0.97,GFC,0.0168360744944066,-0.6611261866966203,0,3
98,0.98,GFC,0.02402997774311143,0.14722289466597333,1,3
99,0.99,GFC,0.0219112550511073,-0.5826039000240506,0,3
100,1.0,GFC,0.018640270293291676,-0.36687171996489204,0,3
101,1.01,GFC,0.01140721464611046,-0.07661076264053324,0,3
102,1.02,GFC,0.025719671452387828,-0.30234354391368923,0,3
103,1.03,GFC,0.022083541057308517,0.13518313329680845,1,3
104,1.04,GFC,0.018927117126495165,0.522450727532661,1,3
105,1.05,GFC,0.02683895085016854,0.23712484258385624,1,3
106,1.06,GFC,0.02795030463075782,-1.009731821000044,0,3
107,1.07,GFC,0.02695406437414969,-1.1638514142833347,0,3
108,1.08,GFC,0.022824700697918684,-0.5527614620863825,0,3
109,1.09,GFC,0.02688122882660811,-0.6555738235112021,0,3
110,1.1,GFC,0.028032942809534944,0.016020501324898878,1,3
111,1.11,GFC,0.03399474504596199,-0.3407942796517078,0,3
112,1.12,GFC,0.021613764302898325,0.03277581160185655,1,3
113,1.1300000000000001,GFC,0.02002130607418427,-0.7985964479833991,0,3
114,1.1400000000000001,GFC,0.031938702942932655,0.12462894926370208,1,3
115,1.1500000000000001,GFC,0.035570496373793996,-0.5339426831909722,0,3
116,1.16,GFC,0.041136053460197254,0.20710925877991426,1,3
117,1.17,GFC,0.033717419993206516,0.23466188297540247,1,3
118,1.18,GFC,0.026766077262640603,0.23922783051755228,1,3
119,1.19,GFC,0.03537835146247212,-0.5109600500639999,0,3
120,1.2,GFC,0.01800602910696144,-0.4233445748509421,0,3
121,1.21,GFC,0.03403746009931711,-0.7749432742089462,0,3
122,1.22,GFC,0.024941530270958242,-0.6420445657927734,0,3
123,1.23,GFC,0.029724430527237458,0.13223677126891947,1,3
124,1.24,GFC,0.031027604612461297,0.24574564380347594,1,3
125,1.25,GFC,0.0388790629874844,-0.180552567641665,0,3
126,1.26,GFC,0.022642940402642357,-0.48192082186993,0,3
127,1.27,GFC,0.03055690846427002,-0.6908054908654623,0,3
128,1.28,GFC,0.03357690766055658,-0.7150541059102224,0,3
129,1.29,GFC,0.03793121600956592,0.09568750599572898,1,3
130,1.3,GFC,0.030066147097737313,-0.08592727752441072,0,3
131,1.31,GFC,0.03447920161852447,-0.40586694998967643,0,3
132,1.32,GFC,0.045948894441512955,0.5025038722905857,1,3
133,1.33,GFC,0.025109263824928094,0.14615458214392074,1,3
134,1.34,GFC,0.039973416381311605,-0.5491177075847826,0,3
135,1.35,GFC,0.03184073455249541,-0.6619687692257921,0,3
136,1.36,GFC,0.031541078020316346,-0.33793540586957677,0,3
137,1.37,GFC,0.03411581793687919,-0.06939904580107457,0,3
138,1.3800000000000001,GFC,0.04362181156657349,-0.2982977846557913,0,3
139,1.3900000000000001,GFC,0.0377728815495723,-0.6351240504163738,0,3
140,1.4000000000000001,GFC,0.026548336040164596,-0.4312426609619818,0,3
141,1.41,GFC,0.041421278574797105,0.2246129242211311,1,3
142,1.42,GFC,0.03998844588428197,0.2630060406954859,1,3
143,1.43,GFC,0.036711667881520006,-0.05656351149650454,0,3
144,1.44,GFC,0.041376010118229986,-0.10975348440279559,0,3
145,1.45,GFC,0.049677055165839826,0.5030361538302839,1,3
146,1.46,GFC,0.03672382215336639,0.37116765013667985,1,3
147,1.47,GFC,0.056701747530237316,-0.09044000755845727,0,3
148,1.48,GFC,0.04555116785133305,-0.7497942438135239,0,3
149,1.49,GFC,0.04818215689485739,0.6605850969321925,1,3
150,1.5,GFC,0.03755136106485805,0.2547031076077804,1,3
151,1.51,GFC,0.0402921073723874,-0.40624560188416237,0,3
152,1.52,GFC,0.053727315096951715,-0.827996944716727,0,3
153,1.53,GFC,0.038120261085303975,0.4917842773471655,1,3
154,1.54,GFC,0.03386526165102767,-0.6861862163423103,0,3
155,1.55,GFC,0.046587272491112726,-0.04736624775083452,0,3
156,1.56,GFC,0.04625348425778604,-0.27629089947453234,0,3
157,1.57,GFC,0.0489757958783194,-0.11159442092683297,0,3
158,1.58,GFC,0.04560914295853862,-0.38065996000349966,0,3
159,1.59,GFC,0.048987571050104546,-0.9322274308466685,0,3
160,1.6,GFC,0.04474388593831972,-0.194033979045283,0,3
161,1.61,GFC,0.04841932925658983,0.29199251039530316,1,3
162,1.62,GFC,0.04096347531167209,0.18903635360281332,1,3
163,1.6300000000000001,GFC,0.042568493912774744,-0.29350160979777523,0,3
164,1.6400000000000001,GFC,0.03500438073386873,-0.16539054439278789,0,3
165,1.6500000000000001,GFC,0.03877175189338084,-0.5902055082571269,0,3
166,1.6600000000000001,GFC,0.05360518456405387,-0.2271765865945955,0,3
167,1.67,GFC,0.05019791291176055,-1.007190998142273,0,3
168,1.68,GFC,0.04211394138413823,-0.014296483311365793,0,3
169,1.69,GFC,0.04110146683773418,0.1496245463903013,1,3
170,1.7,GFC,0.03714456691934098,0.06345784291312058,1,3
171,1.71,GFC,0.03817932036850884,-0.4098402057854584,0,3
172,1.72,GFC,0.05158259398213086,-0.14535018922773332,0,3
173,1.73,GFC,0.051556630251600545,-0.4690791070989888,0,3
174,1.74,GFC,0.04408789938452892,-0.7262592925502247,0,3
175,1.75,GFC,0.04721427586867071,-0.42592445789205363,0,3
176,1.76,GFC,0.041187428705327045,-0.427170641627145,0,3
177,1.77,GFC,0.04971600674969163,0.37821686392668413,1,3
178,1.78,GFC,0.050655015249133475,0.3202840033382477,1,3
179,1.79,GFC,0.054399364127551704,0.22414780768864495,1,3
180,1.8,GFC,0.04721454680873076,-0.40411639434613567,0,3
181,1.81,GFC,0.035679953385479045,0.061392832611141895,1,3
182,1.82,GFC,0.04507229417973717,-0.13296655211092717,0,3
183,1.83,GFC,0.049014050149974356,-0.6024824830408242,0,3
184,1.84,GFC,0.04599850162241999,0.31202090300202334,1,3
185,1.85,GFC,0.059286547407761514,-0.710537375136977,0,3
186,1.86,GFC,0.04540681919352285,-0.28951653334545047,0,3
187,1.87,GFC,0.046627035610514046,0.3577674261259624,1,3
188,1.8800000000000001,GFC,0.05460642311597942,0.07723316996003192,1,3
189,1.8900000000000001,GFC,0.062274404784071785,-0.18614696264859654,0,3
190,1.9000000000000001,GFC,0.04886920381969262,-0.04547367776904643,0,3
191,1.9100000000000001,GFC,0.05663988003222767,0.13095415687221695,1,3
192,1.92,GFC,0.05199763748427093,0.0952356117547752,1,3
193,1.93,GFC,0.04671173001261207,0.7672535201434812,1,3
194,1.94,GFC,0.04631906803185088,0.23280550139505518,1,3
195,1.95,GFC,0.049032796323161626,-0.9718058728373998,0,3
196,1.96,GFC,0.04855310079991709,-1.2318708629311645,0,3
197,1.97,GFC,0.06804526241736254,-0.2631798118914787,0,3
198,1.98,GFC,0.04198728998458202,-0.25281501030414166,0,3
199,1.99,GFC,0.05734204939678214,-1.0403858275219142,0,3
200,2.0,GFC,0.05429836902660264,-0.7899481965506056,0,3
201,2.0100000000000002,GFC,0.04423311441762449,-0.12249616190982102,0,3
202,2.02,GFC,0.04576813275629958,-0.8303321961296604,0,3
203,2.0300000000000002,GFC,0.05376053766440902,-0.3949397028970091,0,3
204,2.04,GFC,0.055197397928486366,-0.1634711934363347,0,3
205,2.05,GFC,0.05827660090292416,-0.04500798714090663,0,3
206,2.06,GFC,0.048092832433498746,-1.268867443744711,0,3
207,2.07,GFC,0.044157110155195634,-0.9732920747522037,0,3
208,2.08,GFC,0.04543425586429486,-1.957158418690248,0,3
209,2.09,GFC,0.06342415436727454,-0.47919062304926885,0,3
210,2.1,GFC,0.0621197992673889,0.009538222755388556,1,3
211,2.11,GFC,0.052611801829385754,0.12493383208846157,1,3
212,2.12,GFC,0.05422531819848009,-0.09493825489289094,0,3
213,2.13,GFC,0.0607971781509208,-0.04317219843327698,0,3
214,2.14,GFC,0.05951114004806364,-0.24775921184761668,0,3
215,2.15,GFC,0.04245403789024484,-0.3490736951674274,0,3
216,2.16,GFC,0.04035924535203874,-0.4355900096460966,0,3
217,2.17,GFC,0.05183339364788434,-0.05674167870249304,0,3
218,2.18,GFC,0.05330073886017613,0.1603505504629406,1,3
219,2.19,GFC,0.057082405161492475,-0.5269831116063087,0,3
220,2.2,GFC,0.04783763798999685,-0.5157380713090532,0,3
221,2.21,GFC,0.05560036828234882,-1.2021525456512612,0,3
222,2.22,GFC,0.06224269266636469,-0.371884272823736,0,3
223,2.23,GFC,0.06289834138168324,0.1801855238066732,1,3
224,2.24,GFC,0.05456261172913101,-0.06527294965886574,0,3
225,2.25,GFC,0.0625723802007998,-0.30205717414875716,0,3
226,2.2600000000000002,GFC,0.061637057691820894,0.17853680293287663,1,3
227,2.27,GFC,0.055485080531961814,-1.673936889605423,0,3
228,2.2800000000000002,GFC,0.04803770648253584,-0.29688322553036695,0,3
229,2.29,GFC,0.047020503815540855,-0.21280468795861093,0,3
230,2.3000000000000003,GFC,0.055599405839388695,-0.7295539116780324,0,3
231,2.31,GFC,0.056234701168588044,-0.306995803030086,0,3
232,2.32,GFC,0.05011361044394898,0.3736622826074719,1,3
233,2.33,GFC,0.06759846075799399,-0.23348237280141462,0,3
234,2.34,GFC,0.046701927419979535,-0.3387370678406262,0,3
235,2.35,GFC,0.05640341222702085,-0.013216988400511553,0,3
236,2.36,GFC,0.05376567920427662,-0.35674262076295427,0,3
237,2.37,GFC,0.054952119905324184,0.12737828013573282,1,3
238,2.38,GFC,0.059699857117679715,-0.9090451635191437,0,3
239,2.39,GFC,0.05025334814936215,-0.14720979238087545,0,3
240,2.4,GFC,0.05579350686142636,-0.4800902808932107,0,3
241,2.41,GFC,0.060024893896319195,-0.37514883337464333,0,3
242,2.42,GFC,0.06841593544330335,-0.35266247774121384,0,3
243,2.43,GFC,0.06278136724265228,-0.748622843010326,0,3
244,2.44,GFC,0.04735701723586782,0.03964198452266368,1,3
245,2.45,GFC,0.06079448684378827,0.14023798185786945,1,3
246,2.46,GFC,0.04928565452912834,-0.8861046869032939,0,3
247,2.47,GFC,0.06193389207527089,-0.12289515397755602,0,3
248,2.48,GFC,0.06181728600577825,-0.5860730337113857,0,3
249,2.49,GFC,0.0504612074093048,-0.3850835384096508,0,3
250,2.5,GFC,0.05802559149630636,-0.45563021137968157,0,3
251,2.5100000000000002,GFC,0.0652463978079561,0.48939947998870464,1,3
252,2.52,GFC,0.07258501262653873,-0.5366151942764361,0,3
253,2.5300000000000002,GFC,0.052430526252956994,-0.3611328792339915,0,3
254,2.54,GFC,0.06524500561641325,-0.47769708971457187,0,3
255,2.5500000000000003,GFC,0.04847554726674112,-0.7607713206696198,0,3
256,2.56,GFC,0.07143047601296759,-0.3418857938328996,0,3
257,2.57,GFC,0.06082539999389303,-0.5984275372949225,0,3
258,2.58,GFC,0.06358625470915427,0.17202259993147542,1,3
259,2.59,GFC,0.05720185430216871,-0.2319392121717147,0,3
260,2.6,GFC,0.04954063344862705,0.06470973968734164,1,3
261,2.61,GFC,0.06868283154438297,-0.7382819941251201,0,3
262,2.62,GFC,0.046387908351986015,-0.09315641532482953,0,3
263,2.63,GFC,0.05667211119019819,-0.46810724907453455,0,3
264,2.64,GFC,0.05427215685977797,-0.6492636979974176,0,3
265,2.65,GFC,0.06391074856750516,0.06730801418389351,1,3
266,2.66,GFC,0.06551427880894015,-0.5829069066985735,0,3
267,2.67,GFC,0.05001624180999811,-0.025702902444367653,0,3
268,2.68,GFC,0.056427556947165766,-0.48438205245471044,0,3
269,2.69,GFC,0.06271866272758837,0.05403237127236661,1,3
270,2.7,GFC,0.06495384255879909,-0.36642508859197126,0,3
271,2.71,GFC,0.06422892890685053,0.023788817817094902,1,3
272,2.72,GFC,0.05762999221980303,-0.8953872230986337,0,3
273,2.73,GFC,0.06613655658595538,-0.8447230067649265,0,3
274,2.74,GFC,0.05164544615063704,-0.34307476063629866,0,3
275,2.75,GFC,0.056236320965323404,0.11471014392975673,1,3
276,2.7600000000000002,GFC,0.04862093550908051,-0.11713311504766422,0,3
277,2.77,GFC,0.06256539971914571,-0.11359738160417143,0,3
278,2.7800000000000002,GFC,0.06050999843579552,0.034560042989413925,1,3
279,2.79,GFC,0.058469791585010755,-0.2872978015208014,0,3
280,2.8000000000000003,GFC,0.05938445316053758,0.2695169527620712,1,3
281,2.81,GFC,0.05978341277091763,-0.47797702955606247,0,3
282,2.82,GFC,0.053397762901689044,0.2244288531909221,1,3
283,2.83,GFC,0.06183682362732131,-0.47254074984481464,0,3
284,2.84,GFC,0.05062244251734477,0.0694056470097549,1,3
285,2.85,GFC,0.042864717956408824,0.37190741648642356,1,3
286,2.86,GFC,0.055676385551420154,0.4564152412927217,1,3
287,2.87,GFC,0.06436717178626106,-0.5413220702332032,0,3
288,2.88,GFC,0.05087947940636285,-0.5470958599739337,0,3
289,2.89,GFC,0.07220034412768321,-0.6523010247994396,0,3
290,2.9,GFC,0.05824018769430574,-1.4642975396584386,0,3
291,2.91,GFC,0.04546689486419064,0.0553817097441582,1,3
292,2.92,GFC,0.05073623797348708,0.45373639488904166,1,3
293,2.93,GFC,0.06141307061252943,-0.13339655377653614,0,3
294,2.94,GFC,0.055420695718459076,-0.26876459977708156,0,3
295,2.95,GFC,0.054145874466100564,0.5424441285482595,1,3
296,2.96,GFC,0.07014053746694471,-0.5192048241415659,0,3
297,2.97,GFC,0.056677688881336785,-1.3934320916536387,0,3
298,2.98,GFC,0.0433332269857172,-0.5054414343989411,0,3
299,2.99,GFC,0.04267974477390239,0.09881536549386177,1,3
300,3.0,GFC,0.03819534977645413,0.0018914732456682681,1,3
301,3.0100000000000002,GFC,0.055431971767596795,-0.43420027759613256,0,3
302,3.02,GFC,0.041412157237573986,-0.24585689012222256,0,3
303,3.0300000000000002,GFC,0.06047345305566236,-0.6260146801725921,0,3
304,3.04,GFC,0.04258757293489212,-0.9805431219394578,0,3
305,3.0500000000000003,GFC,0.044327951752985276,-1.022240629185489,0,3
306,3.06,GFC,0.04306758111435174,-0.4911840255122843,0,3
307,3.0700000000000003,GFC,0.0447845529105785,-0.5956145258973689,0,3
308,3.08,GFC,0.05316667042995185,-0.5261260661402761,0,3
309,3.09,GFC,0.05490299681938293,-0.2323015869185418,0,3
310,3.1,GFC,0.03778751971732777,0.03543481023458367,1,3
311,3.11,GFC,0.052218831437311805,-0.08314120799398977,0,3
312,3.12,GFC,0.04830520151542386,-0.2502048230024204,0,3
313,3.13,GFC,0.04511357588433183,-0.2302163235654373,0,3
314,3.14,GFC,0.04252966825377961,-0.24481393292250894,0,3
315,3.15,GFC,0.04835849735779718,-0.861009022907353,0,3
316,3.16,GFC,0.0454450121124061,0.16143064144051417,1,3
317,3.17,GFC,0.036970815162720536,-0.18064863744221826,0,3
318,3.18,GFC,0.04688662505724313,0.41956639015670594,1,3
319,3.19,GFC,0.03522383851324415,-0.044905357036959234,0,3
320,3.2,GFC,0.05502943956662386,-0.819436309331264,0,3
321,3.21,GFC,0.04009912605807871,0.13693682467436785,1,3
322,3.22,GFC,0.04731833126028724,0.41695135707725656,1,3
323,3.23,GFC,0.04894198076636494,-0.19003789562805903,0,3
324,3.24,GFC,0.04414133690506832,-0.11661654505079534,0,3
325,3.25,GFC,0.04872725333095407,0.03435570889010736,1,3
326,3.2600000000000002,GFC,0.03599994649112676,-0.6595329367396805,0,3
327,3.27,GFC,0.03821590145873865,-0.26871235683547645,0,3
328,3.2800000000000002,GFC,0.048133800037421307,0.22024563716583073,1,3
329,3.29,GFC,0.042701367409491715,0.3423241024972667,1,3
330,3.3000000000000003,GFC,0.030330841233650506,-0.18377399904257244,0,3
331,3.31,GFC,0.03952243956772858,-0.4454371641993432,0,3
332,3.3200000000000003,GFC,0.04239922760168995,0.0666397322345503,1,3
333,3.33,GFC,0.044924452005188034,-0.11825808296633578,0,3
334,3.34,GFC,0.041467584173187105,0.37395017425441435,1,3
335,3.35,GFC,0.027316054655104588,0.46693618763634703,1,3
336,3.36,GFC,0.03308326028396035,-0.8295362413166076,0,3
337,3.37,GFC,0.04884765299373518,-0.5889394617552088,0,3
338,3.38,GFC,0.03698612703870042,-0.8411845490963543,0,3
339,3.39,GFC,0.028286303441265433,0.22453234113937068,1,3
340,3.4,GFC,0.04222715648425689,-1.314759196497455,0,3
341,3.41,GFC,0.0378305876317602,-0.8031152253041579,0,3
342,3.42,GFC,0.03981524392555946,-0.08159581626271908,0,3
343,3.43,GFC,0.03839582637420515,0.07317339837289455,1,3
344,3.44,GFC,0.03396134049960774,0.19845409615490262,1,3
345,3.45,GFC,0.03146094906431279,-0.34323801393952724,0,3
346,3.46,GFC,0.03391215065048976,0.3456691002654865,1,3
347,3.47,GFC,0.03336127603795878,-0.26252387784910836,0,3
348,3.48,GFC,0.03754315544036712,-0.31922809922993156,0,3
349,3.49,GFC,0.034841422740479536,0.34176622803857093,1,3
350,3.5,GFC,0.03500176748185545,-0.9292897015537559,0,3
351,3.5100000000000002,GFC,0.023423154891002,-1.4615542585622279,0,3
352,3.52,GFC,0.03631433591575765,-0.8619223778856778,0,3
353,3.5300000000000002,GFC,0.029638709233961974,-0.5400681712456052,0,3
354,3.54,GFC,0.02554971067369457,0.5043917438067829,1,3
355,3.5500000000000003,GFC,0.01970224135935955,-0.5034239994223838,0,3
356,3.56,GFC,0.030113821725635773,-0.8146893740655554,0,3
357,3.5700000000000003,GFC,0.033037724383834254,-0.3296647791901359,0,3
358,3.58,GFC,0.023413389739635294,-0.568803213825233,0,3
359,3.59,GFC,0.03701162511957724,0.1572240673485863,1,3
360,3.6,GFC,0.028423099422385637,0.3515567814763031,1,3
361,3.61,GFC,0.026973132088488116,-0.626912038921193,0,3
362,3.62,GFC,0.02780573015823171,-0.33258312870394025,0,3
363,3.63,GFC,0.02610287943343559,-0.37257644253446304,0,3
364,3.64,GFC,0.013742884133246909,0.6614717064333994,1,3
365,3.65,GFC,0.02220688760979799,0.26231094300868874,1,3
366,3.66,GFC,0.010965347394926512,0.3922268126606241,1,3
367,3.67,GFC,0.021381064940953542,-0.6736666514759813,0,3
368,3.68,GFC,0.022965150421423497,0.08730980661573622,1,3
369,3.69,GFC,0.019834906666438154,0.056851820647189785,1,3
370,3.7,GFC,0.025456526270361345,0.0839418459318414,1,3
371,3.71,GFC,0.01892244134617984,-0.11793876202468817,0,3
372,3.72,GFC,0.015761231010767863,-0.03317581740867641,0,3
373,3.73,GFC,0.019540863208411405,-0.4871566651818787,0,3
374,3.74,GFC,0.02397285745247814,0.5972650709164907,1,3
375,3.75,GFC,0.010880048479165847,-0.9560156836031021,0,3
376,3.7600000000000002,GFC,0.02836281996459183,-0.7226465494687679,0,3
377,3.77,GFC,0.032063164996998,-0.6727049641631029,0,3
378,3.7800000000000002,GFC,0.01984176131949145,-0.4925612320994482,0,3
379,3.79,GFC,0.011680393125937358,-0.6169439011594449,0,3
380,3.8000000000000003,GFC,0.017324865106088865,-0.35676072154225746,0,3
381,3.81,GFC,0.020097010654528503,0.596975538641407,1,3
382,3.8200000000000003,GFC,0.02137555939651263,-0.22873499767967187,0,3
383,3.83,GFC,0.026533009346594544,-0.7716715003043848,0,3
384,3.84,GFC,0.022896822679274002,-0.07464128633522296,0,3
385,3.85,GFC,0.011663818205929296,-0.4600692627319956,0,3
386,3.86,GFC,0.020828648015996768,-0.8658516057874125,0,3
387,3.87,GFC,0.0005202323293817361,-0.337706729014215,0,3
388,3.88,GFC,0.00555477655570203,0.7279678354491992,1,3
389,3.89,GFC,0.011177812693123965,-0.2592042316919341,0,3
390,3.9,GFC,0.019897433100723887,0.6706853498562924,1,3
391,3.91,GFC,0.003439906183112391,-0.14885346495636098,0,3
392,3.92,GFC,0.012308518382404824,0.1198018790630457,1,3
393,3.93,GFC,0.0029609523639051796,-0.1287687088657966,0,3
394,3.94,GFC,0.0022953563977383233,0.2924919346868023,1,3
395,3.95,GFC,0.007005851289649619,0.1802680665829816,1,3
396,3.96,GFC,0.018131654333342646,-1.0393408661848251,0,3
397,3.97,GFC,0.003334135114686644,-0.09108259918604225,0,3
398,3.98,GFC,0.0037704004055593133,0.5257425047351074,1,3
399,3.99,GFC,0.002896976102593653,-0.5456050055906445,0,3
400,4.0,GFC,0.0045405829196525525,0.053703191590712844,1,3
401,4.01,GFC,0.006097810380954505,0.9544068126927258,1,3
402,4.0200000000000005,GFC,0.00979668869470793,0.06981977112535961,1,3
403,4.03,GFC,0.002340449002473045,-0.29304927439361106,0,3
404,4.04,GFC,0.015118417643916828,-0.8247085358649342,0,3
405,4.05,GFC,0.0128106119278905,-0.39606950915549904,0,3
406,4.0600000000000005,GFC,0.00041316025179424266,0.5227132629923968,1,3
407,4.07,GFC,0.009799503987848705,0.18598142431510056,1,3
408,4.08,GFC,0.0014556794504503312,0.06997131547558746,1,3
409,4.09,GFC,0.0016131713330748217,-1.1010193300427478,0,3
410,4.1,GFC,0.006664070875010077,0.935462155126058,1,3
411,4.11,GFC,0.001967585748107378,0.06130917806022154,1,3
412,4.12,GFC,0.0034265931661294547,0.6645146306340837,1,3
413,4.13,GFC,0.002179731820027723,-0.5590038763640602,0,3
414,4.14,GFC,0.011371542551483527,-0.20502163882926674,0,3
415,4.15,GFC,0.007998474834535339,0.16473286505470114,1,3
416,4.16,GFC,0.0014801493882672418,0.4700580602661235,1,3
417,4.17,GFC,0.002436156036059752,-0.31744577652636996,0,3
418,4.18,GFC,0.007058070675017516,0.20695436078872648,1,3
419,4.19,GFC,0.008469018301648725,-0.27204170749267914,0,3
420,4.2,GFC,0.0018494656621383019,0.3469920754585847,1,3
421,4.21,GFC,0.00398059296532531,-0.9763681492940227,0,3
422,4.22,GFC,0.0009494615872800336,0.12221339782420085,1,3
423,4.23,GFC,0.006292282054274538,-0.41780398657450857,0,3
424,4.24,GFC,0.00213279125248648,-0.6621544628564666,0,3
425,4.25,GFC,0.0039084337404326885,-1.1068999564697317,0,3
426,4.26,GFC,0.0053699718152343985,-0.6178271381384668,0,3
427,4.2700000000000005,GFC,0.001922246438273864,-0.25441640959955064,0,3
428,4.28,GFC,0.008664610139713334,-1.4341275060927297,0,3
429,4.29,GFC,0.006530606853609118,0.5552561902637478,1,3
430,4.3,GFC,0.004857818129341351,0.06370280180083471,1,3
431,4.3100000000000005,GFC,0.011808285306618378,0.44406510171174696,1,3
432,4.32,GFC,0.00868129798989753,-0.1018799856842455,0,3
433,4.33,GFC,0.020660858327969565,0.176362064402837,1,3
434,4.34,GFC,0.005742474142268024,-0.6445403335056592,0,3
435,4.3500000000000005,GFC,7.79153235340663e-05,-1.057542716965811,0,3
436,4.36,GFC,0.0011231062815356217,-0.2572817826445458,0,3
437,4.37,GFC,0.0035188031759258564,1.1317986161926783,1,3
438,4.38,GFC,0.01462632518449453,-0.5636951769443579,0,3
439,4.39,GFC,0.010016885001682194,0.43253099828633135,1,3
440,4.4,GFC,0.009466477535385513,0.7959369263444125,1,3
441,4.41,GFC,0.020209661716417953,0.2478778140757204,1,3
442,4.42,GFC,0.012280617265059388,-0.10433203995372793,0,3
443,4.43,GFC,0.005151448614912195,-0.9253948025266534,0,3
444,4.44,GFC,0.012005502855471476,0.4246160253703512,1,3
445,4.45,GFC,0.006748439949667298,0.21795022828108443,1,3
446,4.46,GFC,0.005701255987660278,-0.08745617690968643,0,3
447,4.47,GFC,0.010278009990981949,0.22009166992820203,1,3
448,4.48,GFC,0.01596435849180521,-0.36776311136167483,0,3
449,4.49,GFC,0.008690013638970186,-0.5043159396953967,0,3
450,4.5,GFC,0.006093642448302841,0.7304077237062683,1,3
451,4.51,GFC,0.009065583636665084,0.07897363672331721,1,3
452,4.5200000000000005,GFC,0.012823562346183641,0.22411961974841754,1,3
453,4.53,GFC,0.0086916211797011,0.12141055610391348,1,3
454,4.54,GFC,0.011836576866908153,0.20589029251109373,1,3
455,4.55,GFC,0.018757294556353978,-0.1516996333978199,0,3
456,4.5600000000000005,GFC,0.013656019126106545,0.16243539052933348,1,3
457,4.57,GFC,0.00806813353468621,0.7661934339012286,1,3
458,4.58,GFC,0.012701194728854738,-0.7208490865054649,0,3
459,4.59,GFC,0.019297745334367244,-0.09347918122990548,0,3
460,4.6000000000000005,GFC,0.019033498953097944,0.8578969570015724,1,3
461,4.61,GFC,0.004623245454201161,-0.5663550635785299,0,3
462,4.62,GFC,0.014399366251579233,-0.9526110799486746,0,3
463,4.63,GFC,0.02241177117375838,0.644651322465422,1,3
464,4.64,GFC,0.025189220310366377,0.25542389352884304,1,3
465,4.65,GFC,0.025051267913764164,-0.8804181055390112,0,3
466,4.66,GFC,0.021939542833816834,0.20662016061979172,1,3
467,4.67,GFC,0.008470831774755258,-0.8748319552930915,0,3
468,4.68,GFC,0.018974298091032932,-1.1025186810353174,0,3
469,4.69,GFC,0.030882528441553384,0.07425609040009143,1,3
470,4.7,GFC,0.014939519907347338,0.3168412576889421,1,3
471,4.71,GFC,0.014508965579812851,-0.04803611185322008,0,3
472,4.72,GFC,0.02832826492711405,-0.540308692362017,0,3
473,4.73,GFC,0.01082039385606369,-0.25979973663251343,0,3
474,4.74,GFC,0.007692186028332724,0.05579357441297331,1,3
475,4.75,GFC,0.0245291391504556,-0.40813317977851993,0,3
476,4.76,GFC,0.017023434473579565,1.2269688475024059,1,3
477,4.7700000000000005,GFC,0.012847991976074103,0.5130038710823097,1,3
478,4.78,GFC,0.010624382064202261,-0.6871755049752265,0,3
479,4.79,GFC,0.013482874287567533,0.3208612977149266,1,3
480,4.8,GFC,0.01342996312886944,-0.6679417884149217,0,3
481,4.8100000000000005,GFC,0.01509981576290368,0.34608006782909684,1,3
482,4.82,GFC,0.008848436723500037,-0.8812821226551957,0,3
483,4.83,GFC,0.029238432749647124,-0.6485379232077717,0,3
484,4.84,GFC,0.018488570575905763,0.7557091409562202,1,3
485,4.8500000000000005,GFC,0.025976247215582803,-0.019966450409736214,0,3
486,4.86,GFC,0.01930329226557483,-0.1089917528979578,0,3
487,4.87,GFC,0.02790552447799449,-0.1947239569930168,0,3
488,4.88,GFC,0.018307787773385636,-0.43888867683550065,0,3
489,4.89,GFC,0.0156725846340861,0.2164513735990087,1,3
490,4.9,GFC,0.019500652767879288,-0.13314140799173635,0,3
491,4.91,GFC,0.020364059645488257,-0.1022162323335302,0,3
492,4.92,GFC,0.014952191416468667,-0.44760349031423075,0,3
493,4.93,GFC,0.02943878434437954,-0.3029921566135244,0,3
494,4.94,GFC,0.017119014396754055,-0.2206854156040136,0,3
495,4.95,GFC,0.03171045819418049,-0.04146589845768989,0,3
496,4.96,GFC,0.01192884838980583,-0.5746981632630335,0,3
497,4.97,GFC,0.032288827128665085,0.709167488135301,1,3
498,4.98,GFC,0.023328669250026312,-0.6208374776167407,0,3
499,4.99,GFC,0.019835249707008007,-0.15220599174070898,0,3
500,5.0,GFC,0.024405627700445773,-0.2577002477739564,0,3
501,5.01,GFC,0.02539549767584525,-0.04344804087597798,0,3
502,5.0200000000000005,GFC,0.023845918055699362,0.5486148434969538,1,3
503,5.03,GFC,0.018351333262893264,-1.070095331442391,0,3
504,5.04,GFC,0.022190602076254604,0.6974704127634277,1,3
505,5.05,GFC,0.028331845149714922,0.169715333548608,1,3
506,5.0600000000000005,GFC,0.02262562436833256,0.11723454969757187,1,3
507,5.07,GFC,0.031000897178075686,0.4518037038583705,1,3
508,5.08,GFC,0.017066719439193564,0.2774296229879808,1,3
509,5.09,GFC,0.025807341740417936,-0.402874375381667,0,3
510,5.1000000000000005,GFC,0.024933219727501586,0.3462585774677438,1,3
511,5.11,GFC,0.022061644974742327,-0.26277472211124403,0,3
512,5.12,GFC,0.022980443482556977,-0.3373582317943469,0,3
513,5.13,GFC,0.028324945538711864,0.34642420612770775,1,3
514,5.14,GFC,0.028017906880132552,-0.5472081409333953,0,3
515,5.15,GFC,0.016696809143095116,0.5821362400490464,1,3
516,5.16,GFC,0.027993220802363373,0.19948761769816242,1,3
517,5.17,GFC,0.03362635945466584,0.6168803959265806,1,3
518,5.18,GFC,0.029134679642936256,0.22038891160750096,1,3
519,5.19,GFC,0.0143790944546622,0.03942800596793769,1,3
520,5.2,GFC,0.024625902808600095,0.3168566389191342,1,3
521,5.21,GFC,0.03491785634679466,0.45763678016937204,1,3
522,5.22,GFC,0.02940407085491084,-0.1628674223322697,0,3
523,5.23,GFC,0.036933954036088165,-0.6337829162349138,0,3
524,5.24,GFC,0.04054630130242834,0.16869891865725878,1,3
525,5.25,GFC,0.024567125250153442,0.15410953202127592,1,3
526,5.26,GFC,0.02591987036503817,0.34667909399257046,1,3
527,5.2700000000000005,GFC,0.01922134300200339,0.296857892377581,1,3
528,5.28,GFC,0.027552786948472643,0.5463990509657279,1,3
529,5.29,GFC,0.03243174409154471,0.4590676521474797,1,3
530,5.3,GFC,0.02467369903604307,-0.09553309324446255,0,3
531,5.3100000000000005,GFC,0.01820106036561293,-0.20711232577320843,0,3
532,5.32,GFC,0.030758952296814523,0.6155994406817635,1,3
533,5.33,GFC,0.026669282417795197,0.48914726775525835,1,3
534,5.34,GFC,0.03245430285671371,-0.08473855033776793,0,3
535,5.3500000000000005,GFC,0.027090591236142894,-0.18333653662431232,0,3
536,5.36,GFC,0.02927184515493476,0.13853437742331304,1,3
537,5.37,GFC,0.01414938094380966,0.8132820997757141,1,3
538,5.38,GFC,0.02471732294216407,-0.3003442795033341,0,3
539,5.39,GFC,0.034754507994555275,-0.5991079655687829,0,3
540,5.4,GFC,0.011953784429594395,0.34046424061331193,1,3
541,5.41,GFC,0.028892994674329514,0.6060498739232578,1,3
542,5.42,GFC,0.02254828711362153,-0.43977794929181596,0,3
543,5.43,GFC,0.024056319201309493,-0.14776072975736468,0,3
544,5.44,GFC,0.025078001987162597,-0.1810850858072916,0,3
545,5.45,GFC,0.020660200005607393,-0.32018094279215,0,3
546,5.46,GFC,0.02116662551640375,0.01425707369051802,1,3
547,5.47,GFC,0.020712546085183095,-0.3302415412563007,0,3
548,5.48,GFC,0.018685528290725183,-0.3508794276254084,0,3
549,5.49,GFC,0.01969780683177956,-0.2255239836192265,0,3
550,5.5,GFC,0.029395249717126655,-0.18170575626081498,0,3
551,5.51,GFC,0.0264812457678025,0.5017288564149875,1,3
552,5.5200000000000005,GFC,0.028053537221079894,-0.2818093596807907,0,3
553,5.53,GFC,0.032238907233137444,-0.40746123153168323,0,3
554,5.54,GFC,0.024298835468526583,-0.7225284706732711,0,3
555,5.55,GFC,0.0278232396694015,-0.016526296947582758,0,3
556,5.5600000000000005,GFC,0.019751258457142,-0.19237725430224592,0,3
557,5.57,GFC,0.023173284668691882,0.5437271007738811,1,3
558,5.58,GFC,0.034175236817844575,0.09265471436603208,1,3
559,5.59,GFC,0.025529249941125813,0.34450196897881,1,3
560,5.6000000000000005,GFC,0.032519504415181436,-1.4025944485811088,0,3
561,5.61,GFC,0.028467408919486424,-0.01304280993243858,0,3
562,5.62,GFC,0.0335136819763895,-0.38537687762064116,0,3
563,5.63,GFC,0.02966579270749476,-0.7837125216687721,0,3
564,5.64,GFC,0.029168617466130177,0.5720744491126015,1,3
565,5.65,GFC,0.027543257603768155,-0.6078787152807255,0,3
566,5.66,GFC,0.037986958550391234,0.6922978684102853,1,3
567,5.67,GFC,0.03398314937643838,-0.4687753288950352,0,3
568,5.68,GFC,0.03502108192961522,0.1295953045661118,1,3
569,5.69,GFC,0.04145189969537689,-0.2342733309456214,0,3
570,5.7,GFC,0.024868833849272135,0.7525964140248109,1,3
571,5.71,GFC,0.026732652639633522,0.10114606947736982,1,3
572,5.72,GFC,0.023184791204975276,0.19200911305687712,1,3
573,5.73,GFC,0.030336462708531096,-0.28861156916996633,0,3
574,5.74,GFC,0.03285909236628915,-0.48981383555540636,0,3
575,5.75,GFC,0.03308490415886388,-0.3521133978998297,0,3
576,5.76,GFC,0.03604386174182597,1.1453719063287369,1,3
577,5.7700000000000005,GFC,0.029186942836044227,-0.1654956875224031,0,3
578,5.78,GFC,0.024405230910017083,-0.5329808377277518,0,3
579,5.79,GFC,0.029803262889604613,0.7001606327847055,1,3
580,5.8,GFC,0.02335220777168305,-1.1966606781428297,0,3
581,5.8100000000000005,GFC,0.019198809114323902,0.3238831136999377,1,3
582,5.82,GFC,0.023994559513645857,-0.48369211912009974,0,3
583,5.83,GFC,0.034884835341115895,-0.7519601370285481,0,3
584,5.84,GFC,0.03329240585382485,0.27970231328192624,1,3
585,5.8500000000000005,GFC,0.023474391463635638,0.38538947276877256,1,3
586,5.86,GFC,0.031456647287669726,0.7611496593587588,1,3
587,5.87,GFC,0.023048079345551094,0.010454819556015509,1,3
588,5.88,GFC,0.03015487518490043,-0.06848119422063101,0,3
589,5.89,GFC,0.03889954777857338,0.4965322580306067,1,3
590,5.9,GFC,0.028108854266396296,-0.159403946308695,0,3
591,5.91,GFC,0.024789927799327167,-0.3933241810561835,0,3
592,5.92,GFC,0.02469738193832092,-0.16800275915014906,0,3
593,5.93,GFC,0.03700800487977921,-0.4026511460583408,0,3
594,5.94,GFC,0.01847765459204688,0.6497548745319579,1,3
595,5.95,GFC,0.036896878105233843,1.0747607228442637,1,3
596,5.96,GFC,0.02858703340367227,-0.726504241519517,0,3
597,5.97,GFC,0.022676992648457097,0.6582085085077418,1,3
598,5.98,GFC,0.024881633385676116,-0.5977514723220374,0,3
599,5.99,GFC,0.029348918384844703,-0.09082440439281524,0,3
600,6.0,GFC,0.03118686313292174,0.015803918770021477,1,3
601,6.01,GFC,0.01199234580162948,-0.07249438111173191,0,3
602,6.0200000000000005,GFC,0.0423579199607518,0.2517790914387467,1,3
603,6.03,GFC,0.03181280930636944,-1.1031051351386516,0,3
604,6.04,GFC,0.024011779619855577,-0.49774791390859746,0,3
605,6.05,GFC,0.03013493256842302,-0.17640246477674104,0,3
606,6.0600000000000005,GFC,0.045928042864756664,1.0390094034286304,1,3
607,6.07,GFC,0.027948143699166095,0.4115125472257086,1,3
608,6.08,GFC,0.027996486759438312,-0.6534727242955494,0,3
609,6.09,GFC,0.03400777482354137,0.21967165996978094,1,3
610,6.1000000000000005,GFC,0.025429094226171796,0.4920955962945064,1,3
611,6.11,GFC,0.03447788863907003,0.19191796074394785,1,3
612,6.12,GFC,0.030848221158947003,0.1242803920222213,1,3
613,6.13,GFC,0.03896471554537334,-0.030658671095000478,0,3
614,6.140000000000001,GFC,0.027535522354835418,-0.349641215290749,0,3
615,6.15,GFC,0.030130618648998915,-0.20797300062635604,0,3
616,6.16,GFC,0.02961057412565461,-0.13866152084027844,0,3
617,6.17,GFC,0.03626214347792707,-0.8400327182364716,0,3
618,6.18,GFC,0.02861566763465637,0.050332834974986265,1,3
619,6.19,GFC,0.03124067400720931,-0.7381177055124382,0,3
620,6.2,GFC,0.028108313436288637,-0.29314305875496943,0,3
621,6.21,GFC,0.029999463422520637,0.21560561565385516,1,3
622,6.22,GFC,0.04061169242573551,-0.1827445536021069,0,3
623,6.23,GFC,0.04228268186310955,-0.2426400184206578,0,3
624,6.24,GFC,0.0322229987345254,-0.15291215122996404,0,3
625,6.25,GFC,0.04121593929597385,0.014186181980074486,1,3
626,6.26,GFC,0.035165356893767145,0.2643108710492875,1,3
627,6.2700000000000005,GFC,0.021798568120147854,0.6148024905742618,1,3
628,6.28,GFC,0.037708382988482635,-0.07128337450465884,0,3
629,6.29,GFC,0.02691144198336538,0.5084380858562578,1,3
630,6.3,GFC,0.026103615125930416,0.502145684492493,1,3
631,6.3100000000000005,GFC,0.019480782142749887,-0.10590653944493478,0,3
632,6.32,GFC,0.03453509239885908,-0.6747734626494162,0,3
633,6.33,GFC,0.04546269775389568,0.13938612649129833,1,3
634,6.34,GFC,0.03009859209909907,0.28121388222385546,1,3
635,6.3500000000000005,GFC,0.03419425538117983,0.7600897123210684,1,3
636,6.36,GFC,0.03328468047807957,-0.21554232995778733,0,3
637,6.37,GFC,0.03330508515111297,-0.22445772422409893,0,3
638,6.38,GFC,0.03050383735839931,-0.3752057245854173,0,3
639,6.390000000000001,GFC,0.03769617797060968,-1.235515663988852,0,3
640,6.4,GFC,0.026994042856825565,-0.4881977080436407,0,3
641,6.41,GFC,0.028589943988316956,0.41577318907285044,1,3
642,6.42,GFC,0.02794287300819092,-0.3801872124991485,0,3
643,6.43,GFC,0.01815124865242234,0.2350987639617288,1,3
644,6.44,GFC,0.039250095477195206,0.3496939839425682,1,3
645,6.45,GFC,0.029833938961029254,0.023473343941537744,1,3
646,6.46,GFC,0.02314161260421443,0.029118728253190895,1,3
647,6.47,GFC,0.028402318874972812,-0.2434499222208324,0,3
648,6.48,GFC,0.02920198790120314,0.5158247071444778,1,3
649,6.49,GFC,0.025258058103838747,0.35833891882705404,1,3
650,6.5,GFC,0.035865430001142916,0.21670031990931715,1,3
651,6.51,GFC,0.036226243599350935,-0.6606619574193002,0,3
652,6.5200000000000005,GFC,0.04828671579620196,0.17893400775795743,1,3
653,6.53,GFC,0.037938772010028224,0.41955556769393876,1,3
654,6.54,GFC,0.027571197249435464,-0.3066187238911114,0,3
655,6.55,GFC,0.03269411975742633,0.5153233931403178,1,3
656,6.5600000000000005,GFC,0.02816806249921429,0.28740341814261977,1,3
657,6.57,GFC,0.033819586328767075,0.36235755035718564,1,3
658,6.58,GFC,0.020852569492347022,0.23983782989807742,1,3
659,6.59,GFC,0.031379772515264096,-0.1346980626495317,0,3
660,6.6000000000000005,GFC,0.014170133926288892,1.1864757002986368,1,3
661,6.61,GFC,0.0236801199651283,0.7863221594559175,1,3
662,6.62,GFC,0.022959879970826373,-0.33075987761811076,0,3
663,6.63,GFC,0.030306197163780964,-0.23950294476995565,0,3
664,6.640000000000001,GFC,0.03213542158317387,0.4646979219156456,1,3
665,6.65,GFC,0.022828601571420575,-0.37591884030521683,0,3
666,6.66,GFC,0.029799661381894015,-1.543232979275634,0,3
667,6.67,GFC,0.040564878130813414,0.17127920097338659,1,3
668,6.68,GFC,0.02873743320736615,0.10252198723545096,1,3
669,6.69,GFC,0.033167504403585624,1.0887972136502353,1,3
670,6.7,GFC,0.02832727591994026,-0.11662100488925153,0,3
671,6.71,GFC,0.025420542418927612,-0.5649257300745304,0,3
672,6.72,GFC,0.0361560956000916,-0.3711369145939949,0,3
673,6.73,GFC,0.03567263494255705,-0.3248419811163933,0,3
674,6.74,GFC,0.04040632687153589,0.036906007658332185,1,3
675,6.75,GFC,0.03314907950942102,0.3604340601596791,1,3
676,6.76,GFC,0.029562626934232818,-0.549125947344847,0,3
677,6.7700000000000005,GFC,0.03578516805067622,-0.8222956218662716,0,3
678,6.78,GFC,0.027468893009741327,0.9706172209930914,1,3
679,6.79,GFC,0.03302768758566166,0.3399594774051674,1,3
680,6.8,GFC,0.031211871004196628,-0.15884941299817676,0,3
681,6.8100000000000005,GFC,0.03535191624525347,0.03738440500695099,1,3
682,6.82,GFC,0.03351192633974069,-0.2169406918015333,0,3
683,6.83,GFC,0.03460886511783786,-0.35873523918730804,0,3
684,6.84,GFC,0.031658591149709356,0.7867522863501901,1,3
685,6.8500000000000005,GFC,0.03903672273087473,-0.47751592121476044,0,3
686,6.86,GFC,0.03277956237633305,0.1643467141951772,1,3
687,6.87,GFC,0.029551167812381783,-0.0589168735169749,0,3
688,6.88,GFC,0.03397630478585697,0.0024601597186419966,1,3
689,6.890000000000001,GFC,0.03769937367161327,0.3319353323441387,1,3
690,6.9,GFC,0.026827941716807496,0.4812044279372469,1,3
691,6.91,GFC,0.03463474956909572,0.29610220806684573,1,3
692,6.92,GFC,0.03504681427002157,0.059769203129529595,1,3
693,6.93,GFC,0.028208321500586178,-0.8597643245223522,0,3
694,6.94,GFC,0.026159898773309345,0.3652641084648124,1,3
695,6.95,GFC,0.03210198493736877,0.45470113352723834,1,3
696,6.96,GFC,0.034534094833661766,-0.7170795917734151,0,3
697,6.97,GFC,0.025777373065988648,0.33937493494173315,1,3
698,6.98,GFC,0.03389207928966583,0.6673035249830708,1,3
699,6.99,GFC,0.03333117298485406,-0.8272185289045056,0,3
700,7.0,GFC,0.020206591558411292,0.3029291849137119,1,3
701,7.01,GFC,0.02261934461595713,0.057925728560145454,1,3
702,7.0200000000000005,GFC,0.03389549194568791,0.6393065478850355,1,3
703,7.03,GFC,0.03180021167500231,0.24128134636699322,1,3
704,7.04,GFC,0.029422784361932658,0.02521502674461247,1,3
705,7.05,GFC,0.03283769198120095,-0.24939928841046427,0,3
706,7.0600000000000005,GFC,0.038182228143343634,-1.0497535790907528,0,3
707,7.07,GFC,0.03839245821611935,-0.11065950565218884,0,3
708,7.08,GFC,0.030787534076234954,-0.5655783461168202,0,3
709,7.09,GFC,0.02877858077966992,0.3111611042677964,1,3
710,7.1000000000000005,GFC,0.03587306804292488,0.630979994671105,1,3
711,7.11,GFC,0.03228385695718393,-0.15571179978623523,0,3
712,7.12,GFC,0.024723072099886476,-0.07612684793945264,0,3
713,7.13,GFC,0.030493676532548246,0.26758329299137096,1,3
714,7.140000000000001,GFC,0.030928360583653742,0.43877573616860654,1,3
715,7.15,GFC,0.04622130798842855,0.264572964175068,1,3
716,7.16,GFC,0.03934634448150707,0.8275952741421619,1,3
717,7.17,GFC,0.04247615163364641,0.10925723522034253,1,3
718,7.18,GFC,0.027169971234642418,0.002846549224566744,1,3
719,7.19,GFC,0.035858856165006156,0.3264618347173017,1,3
720,7.2,GFC,0.0335241998529556,0.06492696486599021,1,3
721,7.21,GFC,0.02702666726885565,-0.10317557466355468,0,3
722,7.22,GFC,0.031521155750269175,1.0788445836731262,1,3
723,7.23,GFC,0.03516829723492348,1.0479143036822358,1,3
724,7.24,GFC,0.041471079563434425,-0.31133382288555955,0,3
725,7.25,GFC,0.03925248292902443,0.02026365371453312,1,3
726,7.26,GFC,0.029194862009116973,0.24344774320788987,1,3
727,7.2700000000000005,GFC,0.03324552913058727,-0.09503762453775667,0,3
728,7.28,GFC,0.03258429427408258,0.09743252324563981,1,3
729,7.29,GFC,0.038438214144654745,-0.0753903891800107,0,3
730,7.3,GFC,0.03832795115543566,0.4993924612969454,1,3
731,7.3100000000000005,GFC,0.029774196688547288,-0.23522274652484654,0,3
732,7.32,GFC,0.0265727021557135,-0.3454627677841414,0,3
733,7.33,GFC,0.027647654856350623,-1.0065420417140798,0,3
734,7.34,GFC,0.032459636522047246,-0.1542521575963292,0,3
735,7.3500000000000005,GFC,0.02898656512497526,0.03329775030566533,1,3
736,7.36,GFC,0.029228366414594403,0.4507056115752906,1,3
737,7.37,GFC,0.02147587107743785,-0.7925436554718341,0,3
738,7.38,GFC,0.03250725765411725,0.3350093571659223,1,3
739,7.390000000000001,GFC,0.03435111274171358,0.12236162287028732,1,3
740,7.4,GFC,0.028605509075208892,-0.19816541178041336,0,3
741,7.41,GFC,0.0496450813854387,0.8965335322153898,1,3
742,7.42,GFC,0.041427180136439645,-0.19836994034956348,0,3
743,7.43,GFC,0.04198612177511829,-0.6649984970312192,0,3
744,7.44,GFC,0.02521782844549409,-1.3243806045815822,0,3
745,7.45,GFC,0.030463877516729854,0.8309600211422996,1,3
746,7.46,GFC,0.03020837903437295,-0.034957054318253425,0,3
747,7.47,GFC,0.031248116726576132,-0.7954190930487327,0,3
748,7.48,GFC,0.029783662844364782,0.39420793257501957,1,3
749,7.49,GFC,0.03611841656880663,-0.07414449809469482,0,3
750,7.5,GFC,0.029997419962830035,-0.1253405323588717,0,3
751,7.51,GFC,0.038434507799615235,0.5138594415216688,1,3
752,7.5200000000000005,GFC,0.027664274533317983,0.13525426137313976,1,3
753,7.53,GFC,0.037551130267236,0.37332468664801033,1,3
754,7.54,GFC,0.025228068647642127,-0.8008411359158054,0,3
755,7.55,GFC,0.026758656043801184,-0.3978619997217767,0,3
756,7.5600000000000005,GFC,0.029553671174002497,0.7607586840191483,1,3
757,7.57,GFC,0.04343126788897463,0.6524091598447954,1,3
758,7.58,GFC,0.019022198481705485,0.07480647394354005,1,3
759,7.59,GFC,0.025730571411812203,0.12246580990783178,1,3
760,7.6000000000000005,GFC,0.03456932771017275,0.18479089689652572,1,3
761,7.61,GFC,0.05021124257098601,0.2803103259427905,1,3
762,7.62,GFC,0.03611544587244329,0.12240648521150468,1,3
763,7.63,GFC,0.03933357553860544,-0.14084440980667526,0,3
764,7.640000000000001,GFC,0.03718651594331164,-0.318476381511259,0,3
765,7.65,GFC,0.046163628270655184,0.017262785103277722,1,3
766,7.66,GFC,0.036870485848215076,-0.16766940778586728,0,3
767,7.67,GFC,0.03478823810515416,-0.47579520208813375,0,3
768,7.68,GFC,0.03072416350108478,-0.08926229448452826,0,3
769,7.69,GFC,0.029940838246964335,-0.5712088432387221,0,3
770,7.7,GFC,0.03193330688895263,-0.04654569118881229,0,3
771,7.71,GFC,0.03878874155898067,-0.03444963312178107,0,3
772,7.72,GFC,0.039606119742647744,0.1154641166664059,1,3
773,7.73,GFC,0.04054476962005409,0.1346600686701772,1,3
774,7.74,GFC,0.038551737393762414,0.27462775637753434,1,3
775,7.75,GFC,0.038449366633618524,0.26783068646020924,1,3
776,7.76,GFC,0.03872524403753946,-0.2118938235553486,0,3
777,7.7700000000000005,GFC,0.02102838186325513,-0.5991024286152319,0,3
778,7.78,GFC,0.02888917816118336,-0.35782447889750224,0,3
779,7.79,GFC,0.024323403930991076,-0.3976880033759462,0,3
780,7.8,GFC,0.04671298501727178,-0.010994021933047701,0,3
781,7.8100000000000005,GFC,0.03763700089403202,-0.10485989508801877,0,3
782,7.82,GFC,0.03253665654722848,-0.40230007433412956,0,3
783,7.83,GFC,0.0377948040247674,-0.44532242875182193,0,3
784,7.84,GFC,0.035688988537526216,-0.8777112478946711,0,3
785,7.8500000000000005,GFC,0.040867531417385014,-0.6619973840015085,0,3
786,7.86,GFC,0.03233295509144124,-0.23468269090312793,0,3
787,7.87,GFC,0.022628222074638996,0.17089735232379466,1,3
788,7.88,GFC,0.018265027342178792,0.10759124260432937,1,3
789,7.890000000000001,GFC,0.0323346146642596,0.21851269224328035,1,3
790,7.9,GFC,0.024996850029442786,0.5396578131700231,1,3
791,7.91,GFC,0.04144077169831672,-0.1716272148793351,0,3
792,7.92,GFC,0.02246569709453566,-0.5199992022916489,0,3
793,7.930000000000001,GFC,0.032292134528927076,-0.3298194393025073,0,3
794,7.94,GFC,0.038749501615170615,0.6460413842263122,1,3
795,7.95,GFC,0.03556051424900285,-0.5122040403427166,0,3
796,7.96,GFC,0.03717524553292253,0.6749669118048336,1,3
797,7.97,GFC,0.030784367950782383,0.6822463267601064,1,3
798,7.98,GFC,0.03377579271773449,-0.42602856323254434,0,3
799,7.99,GFC,0.028905056660763286,0.7984653730917111,1,3
800,8.0,GFC,0.03185325581740314,0.5496981078815634,1,3
801,8.01,GFC,0.03224739072441911,-0.28748147015517506,0,3
802,8.02,GFC,0.033419744668371276,0.13741725234973287,1,3
803,8.03,GFC,0.026640355906753215,-0.18482450112913368,0,3
804,8.040000000000001,GFC,0.04297125236962524,-0.13195792036844073,0,3
805,8.05,GFC,0.030490373740411983,0.47060257863691257,1,3
806,8.06,GFC,0.03313107336945682,-0.6085927738098484,0,3
807,8.07,GFC,0.03051288100280149,0.11410199716502395,1,3
808,8.08,GFC,0.03634308447036066,0.06359938848248642,1,3
809,8.09,GFC,0.029027444499826437,0.4080686341695148,1,3
810,8.1,GFC,0.035759753796104285,-0.4279648922800805,0,3
811,8.11,GFC,0.032982310912293075,-0.11337666603919444,0,3
812,8.120000000000001,GFC,0.038524341292337755,-1.031331676917127,0,3
813,8.13,GFC,0.026239892322045523,-0.3203232662484546,0,3
814,8.14,GFC,0.036205164494249854,-0.5829056207027874,0,3
815,8.15,GFC,0.02589279109834926,0.5643655370247314,1,3
816,8.16,GFC,0.03493262905055357,0.3589495022402469,1,3
817,8.17,GFC,0.032078458474359854,0.3799849536737897,1,3
818,8.18,GFC,0.031637331645720454,-0.11052643731686172,0,3
819,8.19,GFC,0.0475474933050713,-0.8043276729821767,0,3
820,8.2,GFC,0.036469232876235116,-1.3050537830028346,0,3
821,8.21,GFC,0.028412749947091455,-0.7511981904154637,0,3
822,8.22,GFC,0.03554462851604791,0.10801589854995901,1,3
823,8.23,GFC,0.03485578526959083,0.3334109493859352,1,3
824,8.24,GFC,0.0383446920203581,-0.6351566008413647,0,3
825,8.25,GFC,0.03193963370938819,-0.5442176361571187,0,3
826,8.26,GFC,0.02872037166464805,0.5386994294057097,1,3
827,8.27,GFC,0.0320560837473349,0.1558795441379795,1,3
828,8.28,GFC,0.038001667754426725,0.5916617898868654,1,3
829,8.290000000000001,GFC,0.03646282461799832,0.08106446548932646,1,3
830,8.3,GFC,0.03661096842290243,0.5284564775749927,1,3
831,8.31,GFC,0.03152476803094266,0.35177688426472026,1,3
832,8.32,GFC,0.033212352322848485,-0.2442339056219196,0,3
833,8.33,GFC,0.02421690660551301,-1.0983001192871895,0,3
834,8.34,GFC,0.03322634864549355,0.9900363029943859,1,3
835,8.35,GFC,0.034969733588503256,-1.0939242775571607,0,3
836,8.36,GFC,0.02910533620346888,0.14612086625596188,1,3
837,8.370000000000001,GFC,0.03741094686727968,-0.2591205684010126,0,3
838,8.38,GFC,0.03680179756110358,-0.057152008832514395,0,3
839,8.39,GFC,0.03549094053771321,-0.19989786508976004,0,3
840,8.4,GFC,0.03352726340821951,0.19005990185237578,1,3
841,8.41,GFC,0.029929637024067306,-0.34227517692109455,0,3
842,8.42,GFC,0.044365033117672946,-1.2527456846573064,0,3
843,8.43,GFC,0.032281866198791455,0.41731725171019596,1,3
844,8.44,GFC,0.03208677336207565,-0.325317867031806,0,3
845,8.45,GFC,0.03064902323619916,0.4011459266277855,1,3
846,8.46,GFC,0.03367835886940784,0.09393872114727955,1,3
847,8.47,GFC,0.03878096373023632,-0.3626675637637347,0,3
848,8.48,GFC,0.04542699310147812,0.5073065682975746,1,3
849,8.49,GFC,0.02972524353903281,-0.16739987506319715,0,3
850,8.5,GFC,0.03609137673529624,0.2891975818757396,1,3
851,8.51,GFC,0.030989357331462426,-0.20637875732755812,0,3
852,8.52,GFC,0.03494559481204661,-0.42206814101409806,0,3
853,8.53,GFC,0.0376409089080907,-0.040663675380286285,0,3
854,8.540000000000001,GFC,0.03251121053978038,-0.41101795266849117,0,3
855,8.55,GFC,0.03006403405174375,-1.011452904386977,0,3
856,8.56,GFC,0.0280099253557877,-0.288645059733423,0,3
857,8.57,GFC,0.035895669920190144,0.3284499702517503,1,3
858,8.58,GFC,0.036771436812319064,0.823017251907791,1,3
859,8.59,GFC,0.029816396804754605,-0.4912570060786389,0,3
860,8.6,GFC,0.033372885719274326,-0.26476144921725103,0,3
861,8.61,GFC,0.02648452726524661,-0.46403599336611456,0,3
862,8.620000000000001,GFC,0.036423484086768695,-0.2471590081675361,0,3
863,8.63,GFC,0.0424457987636085,-0.35394062738741405,0,3
864,8.64,GFC,0.034448298434992294,-0.27612180703813516,0,3
865,8.65,GFC,0.020129658699428895,-0.65036514861248,0,3
866,8.66,GFC,0.03264450623472414,-0.85468653611353,0,3
867,8.67,GFC,0.02667627891345946,0.21921098037576775,1,3
868,8.68,GFC,0.026767286471589623,-0.1187180697106544,0,3
869,8.69,GFC,0.03415802526672826,-0.31319776951864,0,3
870,8.700000000000001,GFC,0.03555038410385274,0.4383743909921273,1,3
871,8.71,GFC,0.035910544338552286,-0.45816529743325096,0,3
872,8.72,GFC,0.039882568486956885,0.6308753818743063,1,3
873,8.73,GFC,0.030818882299180932,0.7727680360973608,1,3
874,8.74,GFC,0.03694108394977513,0.2473071956646825,1,3
875,8.75,GFC,0.025328629997030467,-0.1482190284920909,0,3
876,8.76,GFC,0.034963321938586533,-0.4337232258525265,0,3
877,8.77,GFC,0.012851312192611104,-0.16741517636139908,0,3
878,8.78,GFC,0.034375072867104076,0.14981040695284006,1,3
879,8.790000000000001,GFC,0.032544135035853926,1.0839296514849792,1,3
880,8.8,GFC,0.03792238827040909,-0.36315950748145664,0,3
881,8.81,GFC,0.02918565603677701,-0.5426850262020835,0,3
882,8.82,GFC,0.03834108905001409,-0.7523458049977882,0,3
883,8.83,GFC,0.03618679910342091,-0.5176418196309194,0,3
884,8.84,GFC,0.028625026940205876,-0.06208846337858531,0,3
885,8.85,GFC,0.03572307630049736,-0.08145998220459028,0,3
886,8.86,GFC,0.03221319146433152,-0.48291354216087656,0,3
887,8.870000000000001,GFC,0.035328755081809035,-0.2566922341116807,0,3
888,8.88,GFC,0.023571009946233817,0.38601999223386574,1,3
889,8.89,GFC,0.032891688466892825,0.45831134072391877,1,3
890,8.9,GFC,0.03778767334998233,0.01095828822599644,1,3
891,8.91,GFC,0.027011559581985912,-0.7743184997424035,0,3
892,8.92,GFC,0.030948887323120636,0.4683435324992129,1,3
893,8.93,GFC,0.03514219476151472,0.5387431129941009,1,3
894,8.94,GFC,0.03574214208694919,-0.9108571379769925,0,3
895,8.950000000000001,GFC,0.02882664516500053,-0.7244562280908597,0,3
896,8.96,GFC,0.03467606779190692,-1.02889981203096,0,3
897,8.97,GFC,0.027424988685793905,-0.1215454494887475,0,3
898,8.98,GFC,0.029076075510540315,0.21894998637031038,1,3
899,8.99,GFC,0.032418491085374576,-0.25160344436909376,0,3
